ticker,company_name,issue_type,severity,detail,signal_category,signal_headline,chunk_id,accession_number,source_document_url,human_disposition,review_notes
AAOI,Applied Optoelectronics Inc.,current_fact_contains_risk_language,warning,"In 2025, Digicomm represented 53.1% of our revenue and Microsoft represented 28.8% of our revenue. As a result, the loss of, or a significant reduction in orders from any of our key customers would materially and adversely affect our revenu",customer_concentration,Extreme customer concentration with Digicomm and Microsoft,AAOI_000143774926005875_document_item_1a_risk_factors_18,0001437749-26-005875,https://www.sec.gov/Archives/edgar/data/1158114/000143774926005875/aaoi20251231_10k.htm,,
AAOI,Applied Optoelectronics Inc.,signal_evidence_unverified,warning,quote_not_found:dependency on limited suppliers for critical components,supplier_or_infrastructure_dependency,Dependency on limited suppliers for critical components,AAOI_000143774926005875_document_item_1a_risk_factors_65,0001437749-26-005875,https://www.sec.gov/Archives/edgar/data/1158114/000143774926005875/aaoi20251231_10k.htm,,
AAOI,Applied Optoelectronics Inc.,current_fact_contains_risk_language,warning,Some of the raw materials and components we use in our products are available only from a sole source or have been qualified only from a single supplier. Our inability to obtain sufficient quantities of critical materials or components coul,supplier_or_infrastructure_dependency,Dependency on limited suppliers for critical components,AAOI_000143774926005875_document_item_1a_risk_factors_65,0001437749-26-005875,https://www.sec.gov/Archives/edgar/data/1158114/000143774926005875/aaoi20251231_10k.htm,,
ADI,Analog Devices Inc.,signal_evidence_unverified,error,quote_not_found:distributor concentration risk at 56 of revenue,customer_concentration,Distributor concentration risk at 56% of revenue,ADI_000000628125000153_document_item_1a_risk_factors_6,0000006281-25-000153,https://www.sec.gov/Archives/edgar/data/6281/000000628125000153/adi-20251101.htm,,
ADI,Analog Devices Inc.,current_fact_contains_risk_language,warning,"Sales to third-party distributors accounted for approximately 56% of our revenue in the year ended November 1, 2025. These independent distributors... could reduce their sales efforts for our products.",customer_concentration,Distributor concentration risk at 56% of revenue,ADI_000000628125000153_document_item_1a_risk_factors_6,0000006281-25-000153,https://www.sec.gov/Archives/edgar/data/6281/000000628125000153/adi-20251101.htm,,
ADI,Analog Devices Inc.,signal_evidence_unverified,error,quote_not_found:top distributor accounts for 24 of total revenue,customer_concentration,Top distributor accounts for 24% of total revenue,ADI_000000628125000153_document_item_7_mdna_98,0000006281-25-000153,https://www.sec.gov/Archives/edgar/data/6281/000000628125000153/adi-20251101.htm,,
ADI,Analog Devices Inc.,signal_evidence_unverified,warning,quote_not_found:industrial end market share declined to 45,demand_and_revenue,Industrial end-market share declined to 45%,ADI_000000628125000153_document_item_1_business_15,0000006281-25-000153,https://www.sec.gov/Archives/edgar/data/6281/000000628125000153/adi-20251101.htm,,
ADI,Analog Devices Inc.,signal_evidence_unverified,warning,quote_not_found:8 1b senior notes outstanding with 3b revolver,liquidity_and_balance_sheet,$8.1B senior notes outstanding with $3B revolver,ADI_000000628125000153_document_item_7_mdna_18,0000006281-25-000153,https://www.sec.gov/Archives/edgar/data/6281/000000628125000153/adi-20251101.htm,,
AEP,American Electric Power Company Inc.,profile_evidence_unverified,warning,One or more profile quotes failed validation,,,,0000004904-26-000013,https://www.sec.gov/Archives/edgar/data/4904/000000490426000013/aep-20251231.htm,,
AEP,American Electric Power Company Inc.,high_importance_profile_unverified,error,4,,,,0000004904-26-000013,https://www.sec.gov/Archives/edgar/data/4904/000000490426000013/aep-20251231.htm,,
AEP,American Electric Power Company Inc.,signal_evidence_unverified,warning,quote_not_found:significant long term debt issuance to fund operations,liquidity_and_balance_sheet,Significant long-term debt issuance to fund operations,AEP_000000490426000013_document_item_7_mdna_85,0000004904-26-000013,https://www.sec.gov/Archives/edgar/data/4904/000000490426000013/aep-20251231.htm,,
ALAB,Astera Labs Inc.,profile_evidence_unverified,warning,One or more profile quotes failed validation,,,,0001736297-26-000010,https://www.sec.gov/Archives/edgar/data/1736297/000173629726000010/alab-20251231.htm,,
ALAB,Astera Labs Inc.,signal_evidence_unverified,warning,quote_not_found:acquired aixscale photonics for 31 1 million,partnership_or_mna,Acquired aiXscale Photonics for $31.1 million,ALAB_000173629726000010_document_item_7_mdna_60,0001736297-26-000010,https://www.sec.gov/Archives/edgar/data/1736297/000173629726000010/alab-20251231.htm,,
AMAT,Applied Materials Inc.,signal_evidence_unverified,error,quote_not_found:u s export controls on china limit market and increase competition,regulatory_or_geopolitical,U.S. export controls on China limit market and increase competition,AMAT_000162828025056742_document_item_1a_risk_factors_5,0001628280-25-056742,https://www.sec.gov/Archives/edgar/data/6951/000162828025056742/amat-20251026.htm,,
AMAT,Applied Materials Inc.,signal_evidence_unverified,warning,quote_not_found:new 2 billion revolving credit facility secured,liquidity_and_balance_sheet,New $2 billion revolving credit facility secured,AMAT_000162828025056742_document_item_7_mdna_121,0001628280-25-056742,https://www.sec.gov/Archives/edgar/data/6951/000162828025056742/amat-20251026.htm,,
AMAT,Applied Materials Inc.,current_fact_contains_risk_language,warning,"In September 2025, we entered into a $2.0 billion 364-day committed revolving credit agreement... The 364-Day Credit Agreement includes a provision under which we may request an increase in the amount of the facility of up to $1.0 billion..",liquidity_and_balance_sheet,New $2 billion revolving credit facility secured,AMAT_000162828025056742_document_item_7_mdna_121,0001628280-25-056742,https://www.sec.gov/Archives/edgar/data/6951/000162828025056742/amat-20251026.htm,,
AMAT,Applied Materials Inc.,signal_evidence_unverified,warning,quote_not_found:government incentives reduce tax payable and pp e,capital_allocation,Government incentives reduce tax payable and PP&E,AMAT_000162828025056742_document_item_7_mdna_121,0001628280-25-056742,https://www.sec.gov/Archives/edgar/data/6951/000162828025056742/amat-20251026.htm,,
AMZN,Amazon.com Inc.,current_fact_contains_risk_language,warning,China-based sellers account for significant portions of our third-party seller services and advertising revenues... regulatory and trade restrictions... could adversely affect our operating results.,customer_concentration,China-based sellers drive significant third-party revenue,AMZN_000101872426000004_document_item_1a_risk_factors_7,0001018724-26-000004,https://www.sec.gov/Archives/edgar/data/1018724/000101872426000004/amzn-20251231.htm,,
AMZN,Amazon.com Inc.,signal_evidence_unverified,warning,quote_not_found:china operations depend on third party contractual relationships,regulatory_or_geopolitical,China operations depend on third-party contractual relationships,AMZN_000101872426000004_document_item_1a_risk_factors_5,0001018724-26-000004,https://www.sec.gov/Archives/edgar/data/1018724/000101872426000004/amzn-20251231.htm,,
AMZN,Amazon.com Inc.,signal_evidence_unverified,error,quote_not_found:technology and infrastructure expenses grew 23 year over year,technology_and_product,Technology and infrastructure expenses grew 23% year-over-year,AMZN_000101872426000004_document_item_7_mdna_19,0001018724-26-000004,https://www.sec.gov/Archives/edgar/data/1018724/000101872426000004/amzn-20251231.htm,,
AMZN,Amazon.com Inc.,current_fact_contains_risk_language,warning,"China-based suppliers provide significant portions of our components and finished goods, regulatory and trade restrictions... could adversely affect our operating results.",supplier_or_infrastructure_dependency,China-based suppliers provide significant components and goods,AMZN_000101872426000004_document_item_1a_risk_factors_7,0001018724-26-000004,https://www.sec.gov/Archives/edgar/data/1018724/000101872426000004/amzn-20251231.htm,,
APLD,Applied Digital Corporation,accounting_identity_mismatch,warning,relative_mismatch=0.0727,,,,0001144879-25-000021,https://www.sec.gov/Archives/edgar/data/1144879/000114487925000021/apld-20250531.htm,,
APLD,Applied Digital Corporation,profile_evidence_unverified,warning,One or more profile quotes failed validation,,,,0001144879-25-000021,https://www.sec.gov/Archives/edgar/data/1144879/000114487925000021/apld-20250531.htm,,
APLD,Applied Digital Corporation,signal_evidence_unverified,error,quote_not_found:coreweave leases 250 mw at polaris forge 1,partnership_or_mna,CoreWeave leases 250 MW at Polaris Forge 1,APLD_000114487925000021_document_item_7_mdna_3,0001144879-25-000021,https://www.sec.gov/Archives/edgar/data/1144879/000114487925000021/apld-20250531.htm,,
APLD,Applied Digital Corporation,signal_evidence_unverified,warning,quote_not_found:significant net loss and interest expense reported,liquidity_and_balance_sheet,Significant net loss and interest expense reported,APLD_000114487925000021_document_item_7_mdna_23,0001144879-25-000021,https://www.sec.gov/Archives/edgar/data/1144879/000114487925000021/apld-20250531.htm,,
ARM,Arm Holdings plc,signal_evidence_unverified,error,quote_not_found:top five customers account for over half of total revenue,customer_concentration,Top five customers account for over half of total revenue,ARM_000197323926000097_document_item_5_operating_review_34,0001973239-26-000097,https://www.sec.gov/Archives/edgar/data/1973239/000197323926000097/arm-20260331.htm,,
ARM,Arm Holdings plc,signal_evidence_unverified,error,quote_not_found:prc revenue exposure faces trade and national security risks,regulatory_or_geopolitical,PRC revenue exposure faces trade and national security risks,ARM_000197323926000097_document_item_5_operating_review_44,0001973239-26-000097,https://www.sec.gov/Archives/edgar/data/1973239/000197323926000097/arm-20260331.htm,,
ARM,Arm Holdings plc,signal_evidence_unverified,error,quote_not_found:production silicon introduces foundry dependency and capital intensity,capacity_and_supply,Production silicon introduces foundry dependency and capital intensity,ARM_000197323926000097_document_item_5_operating_review_11,0001973239-26-000097,https://www.sec.gov/Archives/edgar/data/1973239/000197323926000097/arm-20260331.htm,,
ARM,Arm Holdings plc,signal_evidence_unverified,warning,quote_not_found:arm commits 100 million to third party semiconductor supply,capital_allocation,Arm commits $100 million to third-party semiconductor supply,ARM_000197323926000097_document_item_5_operating_review_21,0001973239-26-000097,https://www.sec.gov/Archives/edgar/data/1973239/000197323926000097/arm-20260331.htm,,
ASML,ASML Holding N.V.,profile_evidence_unverified,warning,One or more profile quotes failed validation,,,,0001628280-26-011378,https://www.sec.gov/Archives/edgar/data/937966/000162828026011378/asml-20251231.htm,,
ASML,ASML Holding N.V.,high_importance_profile_unverified,error,5,,,,0001628280-26-011378,https://www.sec.gov/Archives/edgar/data/937966/000162828026011378/asml-20251231.htm,,
ASML,ASML Holding N.V.,signal_evidence_unverified,warning,quote_not_found:us affiliates rule suspended until november 2026,regulatory_or_geopolitical,US Affiliates Rule Suspended Until November 2026,ASML_000162828026011378_document_full_filing_107,0001628280-26-011378,https://www.sec.gov/Archives/edgar/data/937966/000162828026011378/asml-20251231.htm,,
ASML,ASML Holding N.V.,signal_evidence_unverified,error,quote_not_found:asml invests 1 3 billion in mistral ai,partnership_or_mna,ASML Invests €1.3 Billion in Mistral AI,ASML_000162828026011378_document_full_filing_279,0001628280-26-011378,https://www.sec.gov/Archives/edgar/data/937966/000162828026011378/asml-20251231.htm,,
ASML,ASML Holding N.V.,signal_evidence_unverified,error,quote_not_found:euv system sales increased to 48 units in 2025,capacity_and_supply,EUV System Sales Increased to 48 Units in 2025,ASML_000162828026011378_document_full_filing_259,0001628280-26-011378,https://www.sec.gov/Archives/edgar/data/937966/000162828026011378/asml-20251231.htm,,
ASML,ASML Holding N.V.,parser_fallback_or_warning,warning,target_sections_not_found_using_full_filing,,,,0001628280-26-011378,https://www.sec.gov/Archives/edgar/data/937966/000162828026011378/asml-20251231.htm,,
AVGO,Broadcom Inc.,profile_evidence_unverified,warning,One or more profile quotes failed validation,,,,0001730168-25-000121,https://www.sec.gov/Archives/edgar/data/1730168/000173016825000121/avgo-20251102.htm,,
AVGO,Broadcom Inc.,high_importance_profile_unverified,error,4,,,,0001730168-25-000121,https://www.sec.gov/Archives/edgar/data/1730168/000173016825000121/avgo-20251102.htm,,
AVGO,Broadcom Inc.,signal_evidence_unverified,error,quote_not_found:net revenue grew to 63 9b with 68 gross margin,demand_and_revenue,Net revenue grew to $63.9B with 68% gross margin,AVGO_000173016825000121_document_item_7_mdna_18,0001730168-25-000121,https://www.sec.gov/Archives/edgar/data/1730168/000173016825000121/avgo-20251102.htm,,
AVGO,Broadcom Inc.,signal_evidence_unverified,warning,quote_not_found:sold euc business to kkr for 3 5 billion,partnership_or_mna,Sold EUC business to KKR for $3.5 billion,AVGO_000173016825000121_document_item_7_mdna_98,0001730168-25-000121,https://www.sec.gov/Archives/edgar/data/1730168/000173016825000121/avgo-20251102.htm,,
BA,Boeing Company,profile_evidence_unverified,warning,One or more profile quotes failed validation,,,,0001628280-26-004357,https://www.sec.gov/Archives/edgar/data/12927/000162828026004357/ba-20251231.htm,,
BA,Boeing Company,high_importance_profile_unverified,error,5,,,,0001628280-26-004357,https://www.sec.gov/Archives/edgar/data/12927/000162828026004357/ba-20251231.htm,,
BA,Boeing Company,signal_evidence_unverified,error,quote_not_found:spirit aerosystems acquisition closed december 2025,partnership_or_mna,Spirit AeroSystems acquisition closed December 2025,BA_000162828026004357_document_item_7_mdna_164,0001628280-26-004357,https://www.sec.gov/Archives/edgar/data/12927/000162828026004357/ba-20251231.htm,,
BA,Boeing Company,current_fact_contains_risk_language,warning,"Collectively, these tariffs, and any retaliatory actions taken by countries in response to the U.S. tariffs, could have a material impact on our financial position, results of operations and/or cash flows.",regulatory_or_geopolitical,Tariffs and trade restrictions impact financial position,BA_000162828026004357_document_item_7_mdna_33,0001628280-26-004357,https://www.sec.gov/Archives/edgar/data/12927/000162828026004357/ba-20251231.htm,,
BA,Boeing Company,signal_evidence_unverified,error,quote_not_found:long term contract losses reduced operating earnings by 1 4b,pricing_and_margin,Long-term contract losses reduced operating earnings by $1.4B,BA_000162828026004357_document_item_7_mdna_78,0001628280-26-004357,https://www.sec.gov/Archives/edgar/data/12927/000162828026004357/ba-20251231.htm,,
BA,Boeing Company,signal_evidence_unverified,warning,quote_not_found:commercial backlog stands at 567 3 billion,capacity_and_supply,Commercial backlog stands at $567.3 billion,BA_000162828026004357_document_item_7_mdna_29,0001628280-26-004357,https://www.sec.gov/Archives/edgar/data/12927/000162828026004357/ba-20251231.htm,,
BE,Bloom Energy Corporation,current_fact_contains_risk_language,warning,secure telemetry connection that enables the RMCC to monitor system performance parameters in real time... undertake advanced predictive analytics to identify potential issues,technology_and_product,Remote monitoring and predictive analytics enhance service value proposition,BE_000162828026006516_document_full_filing_52,0001628280-26-006516,https://www.sec.gov/Archives/edgar/data/1664703/000162828026006516/be-20251231.htm,,
BE,Bloom Energy Corporation,parser_fallback_or_warning,warning,target_sections_not_found_using_full_filing,,,,0001628280-26-006516,https://www.sec.gov/Archives/edgar/data/1664703/000162828026006516/be-20251231.htm,,
CARR,Carrier Global Corporation,profile_evidence_unverified,warning,One or more profile quotes failed validation,,,,0001783180-26-000008,https://www.sec.gov/Archives/edgar/data/1783180/000178318026000008/carr-20251231.htm,,
CARR,Carrier Global Corporation,signal_evidence_unverified,warning,quote_not_found:carrier launches carrier quantumleap for data center cooling demands,technology_and_product,Carrier launches Carrier QuantumLeap for data center cooling demands,CARR_000178318026000008_document_item_1_business_8,0001783180-26-000008,https://www.sec.gov/Archives/edgar/data/1783180/000178318026000008/carr-20251231.htm,,
CAT,Caterpillar Inc.,profile_evidence_unverified,warning,One or more profile quotes failed validation,,,,0000018230-26-000008,https://www.sec.gov/Archives/edgar/data/18230/000001823026000008/cat-20251231.htm,,
CAT,Caterpillar Inc.,signal_evidence_unverified,warning,quote_not_found:strong cash position and operating cash flow generation,liquidity_and_balance_sheet,Strong cash position and operating cash flow generation,CAT_000001823026000008_document_item_7_mdna_30,0000018230-26-000008,https://www.sec.gov/Archives/edgar/data/18230/000001823026000008/cat-20251231.htm,,
CEG,Constellation Energy Corporation,profile_evidence_unverified,warning,One or more profile quotes failed validation,,,,0001868275-26-000032,https://www.sec.gov/Archives/edgar/data/1868275/000186827526000032/ceg-20251231.htm,,
CEG,Constellation Energy Corporation,high_importance_profile_unverified,error,4,,,,0001868275-26-000032,https://www.sec.gov/Archives/edgar/data/1868275/000186827526000032/ceg-20251231.htm,,
CEG,Constellation Energy Corporation,signal_evidence_unverified,error,quote_not_found:20 year ppa with microsoft for crane clean energy center restart,demand_and_revenue,20-year PPA with Microsoft for Crane Clean Energy Center restart,CEG_000186827526000032_document_item_1_business_5,0001868275-26-000032,https://www.sec.gov/Archives/edgar/data/1868275/000186827526000032/ceg-20251231.htm,,
CEG,Constellation Energy Corporation,signal_evidence_unverified,warning,quote_not_found:nuclear capacity factors outperform industry average by 4 percentage points,capacity_and_supply,Nuclear capacity factors outperform industry average by 4 percentage points,CEG_000186827526000032_document_item_1_business_5,0001868275-26-000032,https://www.sec.gov/Archives/edgar/data/1868275/000186827526000032/ceg-20251231.htm,,
CEG,Constellation Energy Corporation,signal_evidence_unverified,warning,quote_not_found:sanctions on russian uranium imports impact fuel supply chain,regulatory_or_geopolitical,Sanctions on Russian uranium imports impact fuel supply chain,CEG_000186827526000032_document_item_1_business_49,0001868275-26-000032,https://www.sec.gov/Archives/edgar/data/1868275/000186827526000032/ceg-20251231.htm,,
CIEN,Ciena Corporation,signal_evidence_unverified,error,quote_not_found:top cloud provider revenue share increased to 17 9,customer_concentration,Top cloud provider revenue share increased to 17.9%,CIEN_000162828025056698_document_item_7_mdna_8,0001628280-25-056698,https://www.sec.gov/Archives/edgar/data/936395/000162828025056698/cien-20251101.htm,,
CIEN,Ciena Corporation,signal_evidence_unverified,error,quote_not_found:fiscal 2025 revenue grew 18 8 to 4 77 billion,demand_and_revenue,Fiscal 2025 revenue grew 18.8% to $4.77 billion,CIEN_000162828025056698_document_item_7_mdna_8,0001628280-25-056698,https://www.sec.gov/Archives/edgar/data/936395/000162828025056698/cien-20251101.htm,,
CLS,Celestica Inc.,signal_evidence_unverified,warning,quote_not_found:2026 capital spending increases to support ai ml and hps program growth,capacity_and_supply,2026 capital spending increases to support AI/ML and HPS program growth,CLS_000103089426000011_document_item_7_mdna_19,0001030894-26-000011,https://www.sec.gov/Archives/edgar/data/1030894/000103089426000011/cls-20251231.htm,,
COHR,Coherent Corp.,accounting_identity_mismatch,warning,relative_mismatch=0.1665,,,,0000820318-25-000014,https://www.sec.gov/Archives/edgar/data/820318/000082031825000014/iivi-20250630.htm,,
COHR,Coherent Corp.,signal_evidence_unverified,warning,quote_not_found:znse manufacturing yields pose material supply risk,capacity_and_supply,ZnSe manufacturing yields pose material supply risk,COHR_000082031825000014_document_item_1a_risk_factors_33,0000820318-25-000014,https://www.sec.gov/Archives/edgar/data/820318/000082031825000014/iivi-20250630.htm,,
COHR,Coherent Corp.,signal_evidence_unverified,warning,quote_not_found:operating cash flow increased to 634 million in fiscal 2025,liquidity_and_balance_sheet,Operating cash flow increased to $634 million in fiscal 2025,COHR_000082031825000014_document_item_7_mdna_27,0000820318-25-000014,https://www.sec.gov/Archives/edgar/data/820318/000082031825000014/iivi-20250630.htm,,
CORZ,Core Scientific Inc.,profile_evidence_unverified,warning,One or more profile quotes failed validation,,,,0001628280-26-013305,https://www.sec.gov/Archives/edgar/data/1839341/000162828026013305/core-20251231.htm,,
CORZ,Core Scientific Inc.,signal_evidence_unverified,error,quote_not_found:deferred colocation revenue reached 553 9 million,demand_and_revenue,Deferred colocation revenue reached $553.9 million,CORZ_000162828026013305_document_item_7_mdna_87,0001628280-26-013305,https://www.sec.gov/Archives/edgar/data/1839341/000162828026013305/core-20251231.htm,,
CORZ,Core Scientific Inc.,signal_evidence_unverified,error,quote_not_found:strategic shift to high density colocation for ai workloads,technology_and_product,Strategic shift to high-density colocation for AI workloads,CORZ_000162828026013305_document_item_1_business_2,0001628280-26-013305,https://www.sec.gov/Archives/edgar/data/1839341/000162828026013305/core-20251231.htm,,
CORZ,Core Scientific Inc.,signal_evidence_unverified,warning,quote_not_found:cash balance declined to 311 4 million in 2025,liquidity_and_balance_sheet,Cash balance declined to $311.4 million in 2025,CORZ_000162828026013305_document_item_7_mdna_71,0001628280-26-013305,https://www.sec.gov/Archives/edgar/data/1839341/000162828026013305/core-20251231.htm,,
COST,Costco Wholesale Corporation,profile_evidence_unverified,warning,One or more profile quotes failed validation,,,,0000909832-25-000101,https://www.sec.gov/Archives/edgar/data/909832/000090983225000101/cost-20250831.htm,,
COST,Costco Wholesale Corporation,signal_evidence_unverified,warning,quote_not_found:costco increases capital expenditure guidance for fiscal 2026,capital_allocation,Costco increases capital expenditure guidance for fiscal 2026,COST_000090983225000101_document_item_7_mdna_58,0000909832-25-000101,https://www.sec.gov/Archives/edgar/data/909832/000090983225000101/cost-20250831.htm,,
CRDO,Credo Technology Group Holding Ltd,current_fact_contains_risk_language,warning,"The contra revenue impact associated with the Customer Warrant has been fully amortized as of May 3, 2025.",demand_and_revenue,Customer Warrant fully amortized,CRDO_000162828026043303_document_item_7_mdna_70,0001628280-26-043303,https://www.sec.gov/Archives/edgar/data/1807794/000162828026043303/crdo-20260502.htm,,
CRDO,Credo Technology Group Holding Ltd,current_fact_contains_risk_language,warning,"Based on our review of our customers, we had no reserve for credit losses as of May 2, 2026 and May 3, 2025.",liquidity_and_balance_sheet,No reserve for credit losses,CRDO_000162828026043303_document_item_1a_risk_factors_32,0001628280-26-043303,https://www.sec.gov/Archives/edgar/data/1807794/000162828026043303/crdo-20260502.htm,,
CRM,Salesforce Inc.,profile_evidence_unverified,warning,One or more profile quotes failed validation,,,,0001108524-26-000060,https://www.sec.gov/Archives/edgar/data/1108524/000110852426000060/crm-20260131.htm,,
CRM,Salesforce Inc.,signal_evidence_unverified,warning,quote_not_found:reliance on third party cloud platforms and hardware vendors,supplier_or_infrastructure_dependency,Reliance on third-party cloud platforms and hardware vendors,CRM_000110852426000060_document_item_1a_risk_factors_1,0001108524-26-000060,https://www.sec.gov/Archives/edgar/data/1108524/000110852426000060/crm-20260131.htm,,
CVX,Chevron Corporation,profile_evidence_unverified,warning,One or more profile quotes failed validation,,,,0000093410-26-000078,https://www.sec.gov/Archives/edgar/data/93410/000009341026000078/cvx-20251231.htm,,
CVX,Chevron Corporation,high_importance_profile_unverified,error,4,,,,0000093410-26-000078,https://www.sec.gov/Archives/edgar/data/93410/000009341026000078/cvx-20251231.htm,,
DDOG,Datadog Inc.,profile_evidence_unverified,warning,One or more profile quotes failed validation,,,,0001628280-26-008819,https://www.sec.gov/Archives/edgar/data/1561550/000162828026008819/ddog-20251231.htm,,
DDOG,Datadog Inc.,signal_evidence_unverified,warning,quote_not_found:significant r d investment driving expense growth,capital_allocation,Significant R&D investment driving expense growth,DDOG_000162828026008819_document_item_7_mdna_13,0001628280-26-008819,https://www.sec.gov/Archives/edgar/data/1561550/000162828026008819/ddog-20251231.htm,,
DDOG,Datadog Inc.,signal_evidence_unverified,warning,quote_not_found:strong operating cash flow generation,liquidity_and_balance_sheet,Strong operating cash flow generation,DDOG_000162828026008819_document_item_7_mdna_16,0001628280-26-008819,https://www.sec.gov/Archives/edgar/data/1561550/000162828026008819/ddog-20251231.htm,,
DELL,Dell Technologies Inc.,profile_evidence_unverified,warning,One or more profile quotes failed validation,,,,0001571996-26-000008,https://www.sec.gov/Archives/edgar/data/1571996/000157199626000008/dell-20260130.htm,,
DELL,Dell Technologies Inc.,high_importance_profile_unverified,error,4,,,,0001571996-26-000008,https://www.sec.gov/Archives/edgar/data/1571996/000157199626000008/dell-20260130.htm,,
DELL,Dell Technologies Inc.,signal_evidence_unverified,error,quote_not_found:ai mix shift reduces gross margin percentage despite volume growth,pricing_and_margin,AI mix shift reduces gross margin percentage despite volume growth,DELL_000157199626000008_document_item_7_mdna_113,0001571996-26-000008,https://www.sec.gov/Archives/edgar/data/1571996/000157199626000008/dell-20260130.htm,,
DELL,Dell Technologies Inc.,signal_evidence_unverified,warning,unknown_chunk_id:reliance on single source suppliers for critical components,supplier_or_infrastructure_dependency,Reliance on single-source suppliers for critical components,DELL_000157199626000008_document_item_7_mdna_157199626000008_document_item_7_mdna_1,0001571996-26-000008,https://www.sec.gov/Archives/edgar/data/1571996/000157199626000008/dell-20260130.htm,,
DLR,Digital Realty Trust Inc.,signal_evidence_unverified,warning,quote_not_found:81 billion capital raised since ipo supports expansion,capital_allocation,$81 billion capital raised since IPO supports expansion,DLR_000110465926015365_document_item_7_mdna_28,0001104659-26-015365,https://www.sec.gov/Archives/edgar/data/1297996/000110465926015365/dlr-20251231x10k.htm,,
EME,EMCOR Group Inc.,signal_evidence_unverified,error,quote_not_found:data center construction drives significant us mechanical segment revenue growth,demand_and_revenue,Data center construction drives significant US mechanical segment revenue growth,EME_000010563426000025_document_item_1_business_6,0000105634-26-000025,https://www.sec.gov/Archives/edgar/data/105634/000010563426000025/eme-20251231.htm,,
EME,EMCOR Group Inc.,signal_evidence_unverified,warning,quote_not_found:significant increase in m a activity and share repurchases in 2025,capital_allocation,Significant increase in M&A activity and share repurchases in 2025,EME_000010563426000025_document_item_1_business_26,0000105634-26-000025,https://www.sec.gov/Archives/edgar/data/105634/000010563426000025/eme-20251231.htm,,
EME,EMCOR Group Inc.,signal_evidence_unverified,warning,quote_not_found:divestiture of uk operations completed removing foreign currency exposure,capital_allocation,"Divestiture of UK operations completed, removing foreign currency exposure",EME_000010563426000025_document_item_1_business_24,0000105634-26-000025,https://www.sec.gov/Archives/edgar/data/105634/000010563426000025/eme-20251231.htm,,
EQIX,Equinix Inc.,signal_evidence_unverified,error,quote_not_found:power constraints and permitting delays hinder expansion,capacity_and_supply,Power constraints and permitting delays hinder expansion,EQIX_000110123926000032_document_item_1a_risk_factors_35,0001101239-26-000032,https://www.sec.gov/Archives/edgar/data/1101239/000110123926000032/eqix-20251231.htm,,
ETN,Eaton Corporation plc,profile_evidence_unverified,warning,One or more profile quotes failed validation,,,,0001551182-26-000007,https://www.sec.gov/Archives/edgar/data/1551182/000155118226000007/etn-20251231.htm,,
ETN,Eaton Corporation plc,high_importance_profile_unverified,error,4,,,,0001551182-26-000007,https://www.sec.gov/Archives/edgar/data/1551182/000155118226000007/etn-20251231.htm,,
ETN,Eaton Corporation plc,signal_evidence_unverified,error,quote_not_found:revolving credit facility upsized to 4b and term loan secured for boyd acquisition,liquidity_and_balance_sheet,Revolving credit facility upsized to $4B and term loan secured for Boyd acquisition,ETN_000155118226000007_document_item_7_mdna_107,0001551182-26-000007,https://www.sec.gov/Archives/edgar/data/1551182/000155118226000007/etn-20251231.htm,,
ETN,Eaton Corporation plc,current_fact_contains_risk_language,warning,"On May 31, 2024, Eaton acquired a 49 percent stake in NordicEPOD AS, which designs and assembles standardized power modules for data centers in the Nordic region. Eaton accounts for this investment on the equity method...",technology_and_product,Acquisition of NordicEPOD AS for 49% stake in Nordic data center power modules,ETN_000155118226000007_document_item_7_mdna_75,0001551182-26-000007,https://www.sec.gov/Archives/edgar/data/1551182/000155118226000007/etn-20251231.htm,,
ETN,Eaton Corporation plc,current_fact_contains_risk_language,warning,"Some of our suppliers have experienced the same conditions and, in response, have continued to increase their prices in response to increases in their costs of raw materials, energy, and/or labor. While we strive to recoup these increased c",pricing_and_margin,Inflationary pressures and supplier cost increases impact margins,ETN_000155118226000007_document_item_1a_risk_factors_3,0001551182-26-000007,https://www.sec.gov/Archives/edgar/data/1551182/000155118226000007/etn-20251231.htm,,
FIX,Comfort Systems USA Inc.,profile_evidence_unverified,warning,One or more profile quotes failed validation,,,,0001104659-26-017530,https://www.sec.gov/Archives/edgar/data/1035983/000110465926017530/fix-20251231x10k.htm,,
FIX,Comfort Systems USA Inc.,signal_evidence_unverified,error,quote_not_found:acquisition of feyen zylstra and meisner expands electrical capacity,partnership_or_mna,Acquisition of Feyen Zylstra and Meisner expands electrical capacity,FIX_000110465926017530_document_item_7_mdna_146,0001104659-26-017530,https://www.sec.gov/Archives/edgar/data/1035983/000110465926017530/fix-20251231x10k.htm,,
FIX,Comfort Systems USA Inc.,signal_evidence_unverified,error,quote_not_found:strong operating cash flow and available credit facility,liquidity_and_balance_sheet,Strong operating cash flow and available credit facility,FIX_000110465926017530_document_item_7_mdna_30,0001104659-26-017530,https://www.sec.gov/Archives/edgar/data/1035983/000110465926017530/fix-20251231x10k.htm,,
FLNC,Fluence Energy Inc.,profile_evidence_unverified,warning,One or more profile quotes failed validation,,,,0001868941-25-000081,https://www.sec.gov/Archives/edgar/data/1868941/000186894125000081/flnc-20250930.htm,,
FLNC,Fluence Energy Inc.,signal_evidence_unverified,error,quote_not_found:revenue declined 16 1 year over year in fy2025,demand_and_revenue,Revenue declined 16.1% year-over-year in FY2025,FLNC_000186894125000081_document_item_7_mdna_18,0001868941-25-000081,https://www.sec.gov/Archives/edgar/data/1868941/000186894125000081/flnc-20250930.htm,,
FLNC,Fluence Energy Inc.,signal_evidence_unverified,warning,quote_not_found:r d expenses increased 30 2 year over year in fy2025,capital_allocation,R&D expenses increased 30.2% year-over-year in FY2025,FLNC_000186894125000081_document_item_7_mdna_18,0001868941-25-000081,https://www.sec.gov/Archives/edgar/data/1868941/000186894125000081/flnc-20250930.htm,,
FN,Fabrinet,signal_evidence_unverified,warning,quote_not_found:supply chain strain and single source dependencies persist,supplier_or_infrastructure_dependency,Supply chain strain and single-source dependencies persist,FN_000140871025000039_document_item_1a_risk_factors_10,0001408710-25-000039,https://www.sec.gov/Archives/edgar/data/1408710/000140871025000039/fn-20250627.htm,,
GEV,GE Vernova Inc.,profile_evidence_unverified,warning,One or more profile quotes failed validation,,,,0001996810-26-000015,https://www.sec.gov/Archives/edgar/data/1996810/000199681026000015/gev-20251231.htm,,
GEV,GE Vernova Inc.,high_importance_profile_unverified,error,4,,,,0001996810-26-000015,https://www.sec.gov/Archives/edgar/data/1996810/000199681026000015/gev-20251231.htm,,
GEV,GE Vernova Inc.,signal_evidence_unverified,error,quote_not_found:robust demand for grid equipment driven by ai and renewables interconnection,demand_and_revenue,Robust demand for grid equipment driven by AI and renewables interconnection,GEV_000199681026000015_document_item_1_business_14,0001996810-26-000015,https://www.sec.gov/Archives/edgar/data/1996810/000199681026000015/gev-20251231.htm,,
GEV,GE Vernova Inc.,signal_evidence_unverified,error,quote_not_found:workhorse products account for 75 of equipment rpo indicating product simplification,capacity_and_supply,"Workhorse products account for 75% of equipment RPO, indicating product simplification",GEV_000199681026000015_document_item_1_business_10,0001996810-26-000015,https://www.sec.gov/Archives/edgar/data/1996810/000199681026000015/gev-20251231.htm,,
GEV,GE Vernova Inc.,signal_evidence_unverified,error,quote_not_found:strong liquidity position with 8 8 billion cash and minimal debt,liquidity_and_balance_sheet,Strong liquidity position with $8.8 billion cash and minimal debt,GEV_000199681026000015_document_item_7_mdna_36,0001996810-26-000015,https://www.sec.gov/Archives/edgar/data/1996810/000199681026000015/gev-20251231.htm,,
GEV,GE Vernova Inc.,signal_evidence_unverified,warning,quote_not_found:supply chain pressures persist with sole sourced critical materials and chips,supplier_or_infrastructure_dependency,Supply chain pressures persist with sole-sourced critical materials and chips,GEV_000199681026000015_document_item_1a_risk_factors_2,0001996810-26-000015,https://www.sec.gov/Archives/edgar/data/1996810/000199681026000015/gev-20251231.htm,,
GLW,Corning Inc.,current_fact_contains_risk_language,warning,We perform comprehensive reviews of our significant customers and their creditworthiness... We are not aware of any customer credit issues that could have a material impact on our liquidity.,customer_concentration,Customer credit risk monitored,GLW_000002474126000124_document_item_7_mdna_31,0000024741-26-000124,https://www.sec.gov/Archives/edgar/data/24741/000002474126000124/glw-20251231.htm,,
GOOGL,Alphabet Inc.,partial_signal_json_recovery,warning,partial_array_recovery:4,,,,0001652044-26-000018,https://www.sec.gov/Archives/edgar/data/1652044/000165204426000018/goog-20251231.htm,,
GS,Goldman Sachs Group Inc.,current_fact_contains_risk_language,warning,"As of December 2025, our Investment banking fees backlog increased significantly compared with the end of 2024, primarily due to significantly higher estimated net revenues from potential advisory transactions and, to a lesser extent, poten",demand_and_revenue,Investment banking backlog increases significantly,GS_000088698226000091_document_item_7_mdna_56,0000886982-26-000091,https://www.sec.gov/Archives/edgar/data/886982/000088698226000091/gs-20251231.htm,,
GS,Goldman Sachs Group Inc.,signal_evidence_unverified,error,quote_not_found:resolution strategy risks to security holders,regulatory_or_geopolitical,Resolution strategy risks to security holders,GS_000088698226000091_document_item_1a_risk_factors_65,0000886982-26-000091,https://www.sec.gov/Archives/edgar/data/886982/000088698226000091/gs-20251231.htm,,
HON,Honeywell International Inc.,profile_evidence_unverified,warning,One or more profile quotes failed validation,,,,0000773840-26-000013,https://www.sec.gov/Archives/edgar/data/773840/000077384026000013/hon-20251231.htm,,
HON,Honeywell International Inc.,current_fact_contains_risk_language,warning,"On May 21, 2025, we completed the sale of our PPE business for $1.2 billion... On October 30, 2025, we completed the spin-off of the Advanced Materials business into Solstice Advanced Materials Inc.",capital_allocation,Strategic divestitures and spin-offs executed,HON_000077384026000013_document_full_filing_115,0000773840-26-000013,https://www.sec.gov/Archives/edgar/data/773840/000077384026000013/hon-20251231.htm,,
HON,Honeywell International Inc.,signal_evidence_unverified,warning,quote_not_found:significant sales exposure to u s government,customer_concentration,Significant sales exposure to U.S. government,HON_000077384026000013_document_full_filing_27,0000773840-26-000013,https://www.sec.gov/Archives/edgar/data/773840/000077384026000013/hon-20251231.htm,,
HON,Honeywell International Inc.,parser_fallback_or_warning,warning,target_sections_not_found_using_full_filing,,,,0000773840-26-000013,https://www.sec.gov/Archives/edgar/data/773840/000077384026000013/hon-20251231.htm,,
HPE,Hewlett Packard Enterprise Company,profile_evidence_unverified,warning,One or more profile quotes failed validation,,,,0001645590-25-000130,https://www.sec.gov/Archives/edgar/data/1645590/000164559025000130/hpe-20251031.htm,,
HPE,Hewlett Packard Enterprise Company,high_importance_profile_unverified,error,4,,,,0001645590-25-000130,https://www.sec.gov/Archives/edgar/data/1645590/000164559025000130/hpe-20251031.htm,,
HPE,Hewlett Packard Enterprise Company,signal_evidence_unverified,error,quote_not_found:hpe funds juniper acquisition via debt and balance sheet cash,capital_allocation,HPE funds Juniper acquisition via debt and balance sheet cash,HPE_000164559025000130_document_item_7_mdna_41,0001645590-25-000130,https://www.sec.gov/Archives/edgar/data/1645590/000164559025000130/hpe-20251031.htm,,
HPE,Hewlett Packard Enterprise Company,current_fact_contains_risk_language,warning,"variations in customer acceptances... and cancellations... can be uneven... have at times impacted... our pipeline, bookings, and our ability to recognize revenue... larger orders... may involve larger amounts of credit or longer payment te",demand_and_revenue,Customer order cancellations and payment terms impact revenue,HPE_000164559025000130_document_item_1a_risk_factors_90,0001645590-25-000130,https://www.sec.gov/Archives/edgar/data/1645590/000164559025000130/hpe-20251031.htm,,
HPE,Hewlett Packard Enterprise Company,signal_evidence_unverified,warning,quote_not_found:hpe relies on third party suppliers and contract manufacturers,supplier_or_infrastructure_dependency,HPE relies on third-party suppliers and contract manufacturers,HPE_000164559025000130_document_item_1a_risk_factors_33,0001645590-25-000130,https://www.sec.gov/Archives/edgar/data/1645590/000164559025000130/hpe-20251031.htm,,
IBM,International Business Machines Corporation,missing_core_fact,warning,revenue,,,,0000051143-26-000010,https://www.sec.gov/Archives/edgar/data/51143/000005114326000010/ibm-20251231.htm,,
IBM,International Business Machines Corporation,missing_core_fact,warning,net_income,,,,0000051143-26-000010,https://www.sec.gov/Archives/edgar/data/51143/000005114326000010/ibm-20251231.htm,,
IBM,International Business Machines Corporation,missing_core_fact,warning,total_assets,,,,0000051143-26-000010,https://www.sec.gov/Archives/edgar/data/51143/000005114326000010/ibm-20251231.htm,,
IBM,International Business Machines Corporation,missing_core_fact,warning,operating_cash_flow,,,,0000051143-26-000010,https://www.sec.gov/Archives/edgar/data/51143/000005114326000010/ibm-20251231.htm,,
IBM,International Business Machines Corporation,signal_evidence_unverified,warning,quote_not_found:expanding regulatory scope for ai cloud and data privacy,regulatory_or_geopolitical,"Expanding regulatory scope for AI, cloud, and data privacy",IBM_000005114326000010_document_item_1a_risk_factors_5,0000051143-26-000010,https://www.sec.gov/Archives/edgar/data/51143/000005114326000010/ibm-20251231.htm,,
IBM,International Business Machines Corporation,signal_evidence_unverified,warning,unknown_chunk_id:global facility footprint supports cloud and research operations,capacity_and_supply,Global facility footprint supports cloud and research operations,IBM_000005114326000010_document_item_2a_risk_factors_28,0000051143-26-000010,https://www.sec.gov/Archives/edgar/data/51143/000005114326000010/ibm-20251231.htm,,
INTC,Intel Corporation,signal_evidence_unverified,warning,quote_not_found:construction slowdowns and facility consolidations,capital_allocation,Construction slowdowns and facility consolidations,INTC_000005086326000011_document_full_filing_27,0000050863-26-000011,https://www.sec.gov/Archives/edgar/data/50863/000005086326000011/intc-20251227.htm,,
INTC,Intel Corporation,signal_evidence_unverified,warning,quote_not_found:significant debt repayment and liquidity management,liquidity_and_balance_sheet,Significant debt repayment and liquidity management,INTC_000005086326000011_document_full_filing_128,0000050863-26-000011,https://www.sec.gov/Archives/edgar/data/50863/000005086326000011/intc-20251227.htm,,
INTC,Intel Corporation,current_fact_contains_risk_language,warning,"In 2025, we settled in cash $3.7 billion of our senior notes... We have other potential sources of liquidity, including a $7.0 billion revolving credit facility... As of December 27, 2025, we had no commercial paper obligations outstanding.",liquidity_and_balance_sheet,Significant debt repayment and liquidity management,INTC_000005086326000011_document_full_filing_128,0000050863-26-000011,https://www.sec.gov/Archives/edgar/data/50863/000005086326000011/intc-20251227.htm,,
INTC,Intel Corporation,signal_evidence_unverified,warning,quote_not_found:margin pressure from product mix and external manufacturing,pricing_and_margin,Margin pressure from product mix and external manufacturing,INTC_000005086326000011_document_full_filing_173,0000050863-26-000011,https://www.sec.gov/Archives/edgar/data/50863/000005086326000011/intc-20251227.htm,,
INTC,Intel Corporation,parser_fallback_or_warning,warning,target_sections_not_found_using_full_filing,,,,0000050863-26-000011,https://www.sec.gov/Archives/edgar/data/50863/000005086326000011/intc-20251227.htm,,
IREN,IREN Ltd,current_fact_contains_risk_language,warning,previously announced a pause in further Bitcoin mining expansion after reaching 50 EH/s... may reduce our Bitcoin mining capacity... to expand our HPC and AI services,capital_allocation,Pause on Bitcoin mining expansion to prioritize AI/HPC growth,IREN_000187884825000063_document_item_1_business_24,0001878848-25-000063,https://www.sec.gov/Archives/edgar/data/1878848/000187884825000063/iren-20250630.htm,,
IREN,IREN Ltd,signal_evidence_unverified,warning,quote_not_found:reliance on third party utility providers for critical power supply,supplier_or_infrastructure_dependency,Reliance on third-party utility providers for critical power supply,IREN_000187884825000063_document_item_1_business_85,0001878848-25-000063,https://www.sec.gov/Archives/edgar/data/1878848/000187884825000063/iren-20250630.htm,,
JBL,Jabil Inc.,current_fact_contains_risk_language,warning,"We currently depend, and expect to continue to depend for the foreseeable future, upon a relatively small number of customers for a significant percentage of our net revenue... a reduction in business from one or more of our largest custome",customer_concentration,Company relies on small number of customers for significant revenue percentage,JBL_000162828025045293_document_item_1a_risk_factors_3,0001628280-25-045293,https://www.sec.gov/Archives/edgar/data/898293/000162828025045293/jbl-20250831.htm,,
JBL,Jabil Inc.,current_fact_contains_risk_language,warning,"Because we make capital expenditures during this ramping-up process and do not receive payment until after we produce and ship the customer’s products, any delays or unanticipated costs in the ramping-up process have, and may again have, a ",liquidity_and_balance_sheet,Capital expenditures during ramping process create cash flow risk due to payment delays,JBL_000162828025045293_document_item_1a_risk_factors_2,0001628280-25-045293,https://www.sec.gov/Archives/edgar/data/898293/000162828025045293/jbl-20250831.htm,,
JCI,Johnson Controls International plc,profile_evidence_unverified,warning,One or more profile quotes failed validation,,,,0000833444-25-000097,https://www.sec.gov/Archives/edgar/data/833444/000083344425000097/jci-20250930.htm,,
JCI,Johnson Controls International plc,signal_evidence_unverified,warning,quote_not_found:net sales increased 3 to 23 6 billion driven by organic growth,demand_and_revenue,"Net sales increased 3% to $23.6 billion, driven by organic growth",JCI_000083344425000097_document_item_1a_risk_factors_85,0000833444-25-000097,https://www.sec.gov/Archives/edgar/data/833444/000083344425000097/jci-20250930.htm,,
JCI,Johnson Controls International plc,signal_evidence_unverified,warning,quote_not_found:credit ratings remain stable with strong investment grade status,liquidity_and_balance_sheet,Credit ratings remain stable with strong investment-grade status,JCI_000083344425000097_document_item_1a_risk_factors_100,0000833444-25-000097,https://www.sec.gov/Archives/edgar/data/833444/000083344425000097/jci-20250930.htm,,
JNJ,Johnson & Johnson,profile_evidence_unverified,warning,One or more profile quotes failed validation,,,,0000200406-26-000016,https://www.sec.gov/Archives/edgar/data/200406/000020040626000016/jnj-20251228.htm,,
JNJ,Johnson & Johnson,high_importance_profile_unverified,error,4,,,,0000200406-26-000016,https://www.sec.gov/Archives/edgar/data/200406/000020040626000016/jnj-20251228.htm,,
JNJ,Johnson & Johnson,signal_evidence_unverified,warning,quote_not_found:substantial shareholder returns via dividends and buybacks,capital_allocation,Substantial shareholder returns via dividends and buybacks,JNJ_000020040626000016_document_item_7_mdna_6,0000200406-26-000016,https://www.sec.gov/Archives/edgar/data/200406/000020040626000016/jnj-20251228.htm,,
KEYS,Keysight Technologies Inc.,profile_evidence_unverified,warning,One or more profile quotes failed validation,,,,0001601046-25-000127,https://www.sec.gov/Archives/edgar/data/1601046/000160104625000127/keys-20251031.htm,,
KEYS,Keysight Technologies Inc.,signal_evidence_unverified,warning,quote_not_found:strong cash position with 1 89 billion in liquidity,liquidity_and_balance_sheet,Strong cash position with $1.89 billion in liquidity,KEYS_000160104625000127_document_item_7_mdna_36,0001601046-25-000127,https://www.sec.gov/Archives/edgar/data/1601046/000160104625000127/keys-20251031.htm,,
LITE,Lumentum Holdings Inc.,signal_evidence_unverified,error,quote_not_found:customer concentration risk with customer a and b exceeding 10 revenue,customer_concentration,Customer concentration risk with Customer A and B exceeding 10% revenue,LITE_000162828025040830_document_item_7_mdna_21,0001628280-25-040830,https://www.sec.gov/Archives/edgar/data/1633978/000162828025040830/lite-20250628.htm,,
LITE,Lumentum Holdings Inc.,signal_evidence_unverified,warning,quote_not_found:significant convertible note obligations totaling 2 5 billion principal,liquidity_and_balance_sheet,Significant convertible note obligations totaling $2.5 billion principal,LITE_000162828025040830_document_item_7_mdna_35,0001628280-25-040830,https://www.sec.gov/Archives/edgar/data/1633978/000162828025040830/lite-20250628.htm,,
LITE,Lumentum Holdings Inc.,signal_evidence_unverified,warning,quote_not_found:reliance on limited suppliers and contract manufacturers for key components,supplier_or_infrastructure_dependency,Reliance on limited suppliers and contract manufacturers for key components,LITE_000162828025040830_document_item_7_mdna_112,0001628280-25-040830,https://www.sec.gov/Archives/edgar/data/1633978/000162828025040830/lite-20250628.htm,,
LITE,Lumentum Holdings Inc.,current_fact_contains_risk_language,warning,"We rely on a limited number of suppliers for a number of key components... We also rely on a limited number of significant independent contract manufacturers... For many products, a particular contract manufacturer may be the sole source",supplier_or_infrastructure_dependency,Reliance on limited suppliers and contract manufacturers for key components,LITE_000162828025040830_document_item_7_mdna_112,0001628280-25-040830,https://www.sec.gov/Archives/edgar/data/1633978/000162828025040830/lite-20250628.htm,,
LLY,Eli Lilly and Company,profile_evidence_unverified,warning,One or more profile quotes failed validation,,,,0000059478-26-000013,https://www.sec.gov/Archives/edgar/data/59478/000005947826000013/lly-20251231.htm,,
LLY,Eli Lilly and Company,signal_evidence_unverified,error,quote_not_found:significant capital expenditures and contract manufacturing commitments disclosed,capacity_and_supply,Significant capital expenditures and contract manufacturing commitments disclosed,LLY_000005947826000013_document_item_7_mdna_18,0000059478-26-000013,https://www.sec.gov/Archives/edgar/data/59478/000005947826000013/lly-20251231.htm,,
LLY,Eli Lilly and Company,current_fact_contains_risk_language,warning,Capital expenditures were $7.8 billion during 2025... Executed agreements... could... require us to pay up to approximately $10 billion if we do not purchase specified amounts,capacity_and_supply,Significant capital expenditures and contract manufacturing commitments disclosed,LLY_000005947826000013_document_item_7_mdna_18,0000059478-26-000013,https://www.sec.gov/Archives/edgar/data/59478/000005947826000013/lly-20251231.htm,,
LLY,Eli Lilly and Company,signal_evidence_unverified,error,quote_not_found:reliance on china based suppliers for supply chain components,supplier_or_infrastructure_dependency,Reliance on China-based suppliers for supply chain components,LLY_000005947826000013_document_item_1a_risk_factors_29,0000059478-26-000013,https://www.sec.gov/Archives/edgar/data/59478/000005947826000013/lly-20251231.htm,,
LMT,Lockheed Martin Corporation,signal_evidence_unverified,warning,quote_not_found:total contractual cash obligations reach 127 5 billion,liquidity_and_balance_sheet,Total contractual cash obligations reach $127.5 billion,LMT_000162828026004195_document_item_7_mdna_59,0001628280-26-004195,https://www.sec.gov/Archives/edgar/data/936468/000162828026004195/lmt-20251231.htm,,
LMT,Lockheed Martin Corporation,current_fact_contains_risk_language,warning,"Significant estimates and assumptions are made in estimating contract sales, costs, and profit... All of the estimates require significant judgment and are subject to change... and may affect the profit booking rate.",pricing_and_margin,Profit booking rates subject to significant estimates and changes,LMT_000162828026004195_document_item_7_mdna_66,0001628280-26-004195,https://www.sec.gov/Archives/edgar/data/936468/000162828026004195/lmt-20251231.htm,,
LRCX,Lam Research Corporation,profile_evidence_unverified,warning,One or more profile quotes failed validation,,,,0000707549-25-000075,https://www.sec.gov/Archives/edgar/data/707549/000070754925000075/lrcx-20250629.htm,,
LRCX,Lam Research Corporation,high_importance_profile_unverified,error,5,,,,0000707549-25-000075,https://www.sec.gov/Archives/edgar/data/707549/000070754925000075/lrcx-20250629.htm,,
MCHP,Microchip Technology Inc.,profile_evidence_unverified,warning,One or more profile quotes failed validation,,,,0000827054-26-000016,https://www.sec.gov/Archives/edgar/data/827054/000082705426000016/mchp-20260331.htm,,
META,Meta Platforms Inc.,profile_evidence_unverified,warning,One or more profile quotes failed validation,,,,0001628280-26-003942,https://www.sec.gov/Archives/edgar/data/1326801/000162828026003942/meta-20251231.htm,,
META,Meta Platforms Inc.,signal_evidence_unverified,error,quote_not_found:family of apps revenue grew 22 to 198 8b in 2025,demand_and_revenue,Family of Apps revenue grew 22% to $198.8B in 2025,META_000162828026003942_document_item_7_mdna_2,0001628280-26-003942,https://www.sec.gov/Archives/edgar/data/1326801/000162828026003942/meta-20251231.htm,,
META,Meta Platforms Inc.,signal_evidence_unverified,error,quote_not_found:meta holds 131b in contractual commitments for cloud and infrastructure,supplier_or_infrastructure_dependency,Meta holds $131B in contractual commitments for cloud and infrastructure,META_000162828026003942_document_item_7_mdna_42,0001628280-26-003942,https://www.sec.gov/Archives/edgar/data/1326801/000162828026003942/meta-20251231.htm,,
META,Meta Platforms Inc.,signal_evidence_unverified,error,quote_not_found:ai regulatory uncertainty poses development and compliance risks,regulatory_or_geopolitical,AI regulatory uncertainty poses development and compliance risks,META_000162828026003942_document_item_1a_risk_factors_22,0001628280-26-003942,https://www.sec.gov/Archives/edgar/data/1326801/000162828026003942/meta-20251231.htm,,
MPWR,Monolithic Power Systems Inc.,signal_evidence_unverified,error,quote_not_found:reliance on third party suppliers for wafers and components,supplier_or_infrastructure_dependency,Reliance on third-party suppliers for wafers and components,MPWR_000143774926006113_document_item_1_business_172,0001437749-26-006113,https://www.sec.gov/Archives/edgar/data/1280452/000143774926006113/mpwr20251231_10k.htm,,
MPWR,Monolithic Power Systems Inc.,signal_evidence_unverified,error,quote_not_found:export controls and sanctions restrict transactions and sales,regulatory_or_geopolitical,Export controls and sanctions restrict transactions and sales,MPWR_000143774926006113_document_item_1_business_117,0001437749-26-006113,https://www.sec.gov/Archives/edgar/data/1280452/000143774926006113/mpwr20251231_10k.htm,,
MPWR,Monolithic Power Systems Inc.,signal_evidence_unverified,error,quote_not_found:manufacturing capacity constraints could harm revenue and customer retention,capacity_and_supply,Manufacturing capacity constraints could harm revenue and customer retention,MPWR_000143774926006113_document_item_1_business_171,0001437749-26-006113,https://www.sec.gov/Archives/edgar/data/1280452/000143774926006113/mpwr20251231_10k.htm,,
MPWR,Monolithic Power Systems Inc.,signal_evidence_unverified,warning,quote_not_found:inflation and tariffs may force price increases risking demand,pricing_and_margin,"Inflation and tariffs may force price increases, risking demand",MPWR_000143774926006113_document_item_1_business_171,0001437749-26-006113,https://www.sec.gov/Archives/edgar/data/1280452/000143774926006113/mpwr20251231_10k.htm,,
MPWR,Monolithic Power Systems Inc.,signal_evidence_unverified,warning,quote_not_found:product differentiation in high efficiency dc dc solutions,technology_and_product,Product differentiation in high-efficiency DC-DC solutions,MPWR_000143774926006113_document_item_1_business_10,0001437749-26-006113,https://www.sec.gov/Archives/edgar/data/1280452/000143774926006113/mpwr20251231_10k.htm,,
MPWR,Monolithic Power Systems Inc.,signal_evidence_unverified,error,quote_not_found:geographic concentration of suppliers in seismically active asia,supplier_or_infrastructure_dependency,Geographic concentration of suppliers in seismically active Asia,MPWR_000143774926006113_document_item_7_mdna_62,0001437749-26-006113,https://www.sec.gov/Archives/edgar/data/1280452/000143774926006113/mpwr20251231_10k.htm,,
MRVL,Marvell Technology Inc.,signal_evidence_unverified,error,quote_not_found:marvell acquires celestial ai for next gen ai interconnect,partnership_or_mna,Marvell acquires Celestial AI for next-gen AI interconnect,MRVL_000183563226000011_document_item_1_business_0,0001835632-26-000011,https://www.sec.gov/Archives/edgar/data/1835632/000183563226000011/mrvl-20260131.htm,,
MRVL,Marvell Technology Inc.,signal_evidence_unverified,warning,quote_not_found:marvell holds 1 87b in unconditional purchase commitments to foundries,supplier_or_infrastructure_dependency,Marvell holds $1.87B in unconditional purchase commitments to foundries,MRVL_000183563226000011_document_item_7_mdna_109,0001835632-26-000011,https://www.sec.gov/Archives/edgar/data/1835632/000183563226000011/mrvl-20260131.htm,,
MRVL,Marvell Technology Inc.,current_fact_contains_risk_language,warning,We typically place firm orders with our suppliers up to 26 weeks prior to the anticipated delivery to our customer and may make further supply commitments up to 52 weeks to secure capacity.,capacity_and_supply,Marvell secures capacity via 26-52 week advance supplier orders,MRVL_000183563226000011_document_item_1_business_15,0001835632-26-000011,https://www.sec.gov/Archives/edgar/data/1835632/000183563226000011/mrvl-20260131.htm,,
MSFT,Microsoft Corporation,profile_evidence_unverified,warning,One or more profile quotes failed validation,,,,0000950170-25-100235,https://www.sec.gov/Archives/edgar/data/789019/000095017025100235/msft-20250630.htm,,
MSFT,Microsoft Corporation,high_importance_profile_unverified,error,5,,,,0000950170-25-100235,https://www.sec.gov/Archives/edgar/data/789019/000095017025100235/msft-20250630.htm,,
MU,Micron Technology Inc.,signal_evidence_unverified,error,quote_not_found:hbm3e 12 high dominates shipments hbm4 on schedule for 2026,technology_and_product,HBM3E 12-high dominates shipments; HBM4 on schedule for 2026,MU_000072312525000028_document_item_1_business_6,0000723125-25-000028,https://www.sec.gov/Archives/edgar/data/723125/000072312525000028/mu-20250828.htm,,
MU,Micron Technology Inc.,current_fact_contains_risk_language,warning,"As of August 28, 2025, we had debt with a carrying value of $14.58 billion and may incur additional debt, including under our $3.50 billion Revolving Credit Facility.",liquidity_and_balance_sheet,Debt carrying value stands at $14.58 billion as of August 2025,MU_000072312525000028_document_item_1_business_107,0000723125-25-000028,https://www.sec.gov/Archives/edgar/data/723125/000072312525000028/mu-20250828.htm,,
NEE,NextEra Energy Inc.,profile_evidence_unverified,warning,One or more profile quotes failed validation,,,,0000753308-26-000015,https://www.sec.gov/Archives/edgar/data/753308/000075330826000015/nee-20251231.htm,,
NET,Cloudflare Inc.,current_fact_contains_risk_language,warning,"For example, the EU AI Act has gone into effect and several U.S. states are also enacting laws governing the use of AI. In certain jurisdictions, some or all of these regulatory requirements may be more stringent than in the United States.",regulatory_or_geopolitical,EU AI Act and US state laws impose new compliance obligations,NET_000147733326000016_document_item_7_mdna_86,0001477333-26-000016,https://www.sec.gov/Archives/edgar/data/1477333/000147733326000016/cloud-20251231.htm,,
NET,Cloudflare Inc.,signal_evidence_unverified,warning,quote_not_found:secured credit facility and convertible notes provide liquidity,liquidity_and_balance_sheet,Secured credit facility and convertible notes provide liquidity,NET_000147733326000016_document_item_7_mdna_41,0001477333-26-000016,https://www.sec.gov/Archives/edgar/data/1477333/000147733326000016/cloud-20251231.htm,,
NET,Cloudflare Inc.,current_fact_contains_risk_language,warning,We also entered into a senior secured credit agreement in May 2024 that includes a $400 million revolving credit facility... we received substantial proceeds from the issuance and sales of our 0% Convertible Senior Notes due 2026... and 0% ,liquidity_and_balance_sheet,Secured credit facility and convertible notes provide liquidity,NET_000147733326000016_document_item_7_mdna_41,0001477333-26-000016,https://www.sec.gov/Archives/edgar/data/1477333/000147733326000016/cloud-20251231.htm,,
NOC,Northrop Grumman Corporation,signal_evidence_unverified,error,quote_not_found:significant new awards drive 2025 revenue pipeline,demand_and_revenue,Significant new awards drive 2025 revenue pipeline,NOC_000113342126000003_document_item_7_mdna_48,0001133421-26-000003,https://www.sec.gov/Archives/edgar/data/1133421/000113342126000003/noc-20251231.htm,,
NOC,Northrop Grumman Corporation,signal_evidence_unverified,warning,quote_not_found:contract asset growth reflects billing timing dynamics,pricing_and_margin,Contract asset growth reflects billing timing dynamics,NOC_000113342126000003_document_item_7_mdna_107,0001133421-26-000003,https://www.sec.gov/Archives/edgar/data/1133421/000113342126000003/noc-20251231.htm,,
NOC,Northrop Grumman Corporation,signal_evidence_unverified,error,quote_not_found:restricted programs drive significant new business,technology_and_product,Restricted programs drive significant new business,NOC_000113342126000003_document_item_7_mdna_48,0001133421-26-000003,https://www.sec.gov/Archives/edgar/data/1133421/000113342126000003/noc-20251231.htm,,
NOW,ServiceNow Inc.,profile_evidence_unverified,warning,One or more profile quotes failed validation,,,,0001373715-26-000007,https://www.sec.gov/Archives/edgar/data/1373715/000137371526000007/now-20251231.htm,,
NOW,ServiceNow Inc.,signal_evidence_unverified,error,quote_not_found:subscription gross margin compression due to infrastructure and headcount costs,pricing_and_margin,Subscription gross margin compression due to infrastructure and headcount costs,NOW_000137371526000007_document_item_7_mdna_23,0001373715-26-000007,https://www.sec.gov/Archives/edgar/data/1373715/000137371526000007/now-20251231.htm,,
NOW,ServiceNow Inc.,signal_evidence_unverified,warning,quote_not_found:significant increase in data center capacity costs supporting growth,capacity_and_supply,Significant increase in data center capacity costs supporting growth,NOW_000137371526000007_document_item_7_mdna_23,0001373715-26-000007,https://www.sec.gov/Archives/edgar/data/1373715/000137371526000007/now-20251231.htm,,
NOW,ServiceNow Inc.,signal_evidence_unverified,warning,quote_not_found:increased reliance on public cloud providers introduces new cybersecurity risks,supplier_or_infrastructure_dependency,Increased reliance on public cloud providers introduces new cybersecurity risks,NOW_000137371526000007_document_item_1a_risk_factors_31,0001373715-26-000007,https://www.sec.gov/Archives/edgar/data/1373715/000137371526000007/now-20251231.htm,,
NOW,ServiceNow Inc.,signal_evidence_unverified,warning,quote_not_found:professional services margin remains negative,pricing_and_margin,Professional services margin remains negative,NOW_000137371526000007_document_item_7_mdna_23,0001373715-26-000007,https://www.sec.gov/Archives/edgar/data/1373715/000137371526000007/now-20251231.htm,,
NOW,ServiceNow Inc.,signal_evidence_unverified,warning,quote_not_found:stock based compensation expected to increase in absolute dollars,capital_allocation,Stock-based compensation expected to increase in absolute dollars,NOW_000137371526000007_document_item_7_mdna_28,0001373715-26-000007,https://www.sec.gov/Archives/edgar/data/1373715/000137371526000007/now-20251231.htm,,
NTAP,NetApp Inc.,profile_evidence_unverified,warning,One or more profile quotes failed validation,,,,0001193125-26-259683,https://www.sec.gov/Archives/edgar/data/1002047/000119312526259683/ntap-20260424.htm,,
NTAP,NetApp Inc.,signal_evidence_unverified,warning,quote_not_found:all flash revenues growing as percentage of hybrid cloud segment,demand_and_revenue,All-flash revenues growing as percentage of Hybrid Cloud segment,NTAP_000119312526259683_document_item_1_business_164,0001193125-26-259683,https://www.sec.gov/Archives/edgar/data/1002047/000119312526259683/ntap-20260424.htm,,
NTAP,NetApp Inc.,signal_evidence_unverified,error,quote_not_found:reliance on limited suppliers and key contract manufacturers,supplier_or_infrastructure_dependency,Reliance on limited suppliers and key contract manufacturers,NTAP_000119312526259683_document_item_1a_risk_factors_70,0001193125-26-259683,https://www.sec.gov/Archives/edgar/data/1002047/000119312526259683/ntap-20260424.htm,,
NTAP,NetApp Inc.,signal_evidence_unverified,warning,quote_not_found:positioning data infrastructure for ai transformation,technology_and_product,Positioning data infrastructure for AI transformation,NTAP_000119312526259683_document_item_1_business_4,0001193125-26-259683,https://www.sec.gov/Archives/edgar/data/1002047/000119312526259683/ntap-20260424.htm,,
NVDA,NVIDIA Corporation,profile_evidence_unverified,warning,One or more profile quotes failed validation,,,,0001045810-26-000021,https://www.sec.gov/Archives/edgar/data/1045810/000104581026000021/nvda-20260125.htm,,
NVDA,NVIDIA Corporation,high_importance_profile_unverified,error,5,,,,0001045810-26-000021,https://www.sec.gov/Archives/edgar/data/1045810/000104581026000021/nvda-20260125.htm,,
NXPI,NXP Semiconductors N.V.,profile_evidence_unverified,warning,One or more profile quotes failed validation,,,,0001413447-26-000008,https://www.sec.gov/Archives/edgar/data/1413447/000141344726000008/nxpi-20251231.htm,,
NXPI,NXP Semiconductors N.V.,high_importance_profile_unverified,error,4,,,,0001413447-26-000008,https://www.sec.gov/Archives/edgar/data/1413447/000141344726000008/nxpi-20251231.htm,,
NXPI,NXP Semiconductors N.V.,signal_evidence_unverified,warning,quote_not_found:r d focus shifts to software defined vehicle and ai at the edge,technology_and_product,R&D focus shifts to Software-Defined Vehicle and AI at the Edge,NXPI_000141344726000008_document_item_1_business_26,0001413447-26-000008,https://www.sec.gov/Archives/edgar/data/1413447/000141344726000008/nxpi-20251231.htm,,
ON,ON Semiconductor Corporation,signal_evidence_unverified,error,quote_not_found:psg positioned to benefit from ai data center power tree demand,technology_and_product,PSG positioned to benefit from AI data center power tree demand,ON_000109786426000006_document_item_1_business_9,0001097864-26-000006,https://www.sec.gov/Archives/edgar/data/1097864/000109786426000006/on-20251231.htm,,
ORCL,Oracle Corporation,profile_evidence_unverified,warning,One or more profile quotes failed validation,,,,0001193125-26-277521,https://www.sec.gov/Archives/edgar/data/1341439/000119312526277521/orcl-20260531.htm,,
ORCL,Oracle Corporation,high_importance_profile_unverified,error,4,,,,0001193125-26-277521,https://www.sec.gov/Archives/edgar/data/1341439/000119312526277521/orcl-20260531.htm,,
PPL,PPL Corporation,profile_evidence_unverified,warning,One or more profile quotes failed validation,,,,0000922224-26-000008,https://www.sec.gov/Archives/edgar/data/922224/000092222426000008/ppl-20251231.htm,,
PPL,PPL Corporation,signal_evidence_unverified,warning,quote_not_found:operating revenues increased 580m year over year,demand_and_revenue,Operating revenues increased $580M year-over-year,PPL_000092222426000008_document_item_1_business_112,0000922224-26-000008,https://www.sec.gov/Archives/edgar/data/922224/000092222426000008/ppl-20251231.htm,,
PPL,PPL Corporation,signal_evidence_unverified,warning,quote_not_found:net income increased 293m to 1 181b,demand_and_revenue,Net income increased $293M to $1.181B,PPL_000092222426000008_document_item_1_business_112,0000922224-26-000008,https://www.sec.gov/Archives/edgar/data/922224/000092222426000008/ppl-20251231.htm,,
PPL,PPL Corporation,signal_evidence_unverified,warning,quote_not_found:cash position strengthened to 306m from 24m,liquidity_and_balance_sheet,Cash position strengthened to $306M from $24M,PPL_000092222426000008_document_item_1_business_133,0000922224-26-000008,https://www.sec.gov/Archives/edgar/data/922224/000092222426000008/ppl-20251231.htm,,
PPL,PPL Corporation,signal_evidence_unverified,warning,quote_not_found:lg e net income grew 12m to 309m,demand_and_revenue,LG&E net income grew $12M to $309M,PPL_000092222426000008_document_item_1_business_129,0000922224-26-000008,https://www.sec.gov/Archives/edgar/data/922224/000092222426000008/ppl-20251231.htm,,
PWR,Quanta Services Inc.,signal_evidence_unverified,error,quote_not_found:data center and ai drive technology revenue growth,demand_and_revenue,Data center and AI drive technology revenue growth,PWR_000105091526000006_document_item_1_business_17,0001050915-26-000006,https://www.sec.gov/Archives/edgar/data/1050915/000105091526000006/pwr-20251231.htm,,
QCOM,QUALCOMM Incorporated,signal_evidence_unverified,warning,quote_not_found:cash and marketable securities decreased by 822 million,liquidity_and_balance_sheet,Cash and marketable securities decreased by $822 million,QCOM_000080432825000085_document_item_1_business_14,0000804328-25-000085,https://www.sec.gov/Archives/edgar/data/804328/000080432825000085/qcom-20250928.htm,,
RTX,RTX Corporation,signal_evidence_unverified,error,quote_not_found:estimate adjustments negatively impacted 2025 operating results,pricing_and_margin,Estimate adjustments negatively impacted 2025 operating results,RTX_000010182926000006_document_item_7_mdna_87,0000101829-26-000006,https://www.sec.gov/Archives/edgar/data/101829/000010182926000006/rtx-20251231.htm,,
SANM,Sanmina Corp.,profile_evidence_unverified,warning,One or more profile quotes failed validation,,,,0000897723-25-000042,https://www.sec.gov/Archives/edgar/data/897723/000089772325000042/sanm-20250927.htm,,
SANM,Sanmina Corp.,signal_evidence_unverified,warning,quote_not_found:top 10 customers represent 52 of net sales highlighting concentration risk,customer_concentration,"Top 10 customers represent 52% of net sales, highlighting concentration risk",SANM_000089772325000042_document_item_7_mdna_112,0000897723-25-000042,https://www.sec.gov/Archives/edgar/data/897723/000089772325000042/sanm-20250927.htm,,
SMCI,Super Micro Computer Inc.,profile_evidence_unverified,warning,One or more profile quotes failed validation,,,,0001375365-25-000027,https://www.sec.gov/Archives/edgar/data/1375365/000137536525000027/smci-20250630.htm,,
SMCI,Super Micro Computer Inc.,high_importance_profile_unverified,error,4,,,,0001375365-25-000027,https://www.sec.gov/Archives/edgar/data/1375365/000137536525000027/smci-20250630.htm,,
SMCI,Super Micro Computer Inc.,signal_evidence_unverified,error,quote_not_found:high customer concentration risk with four customers exceeding 10 of sales,customer_concentration,High customer concentration risk with four customers exceeding 10% of sales,SMCI_000137536525000027_document_item_1a_risk_factors_16,0001375365-25-000027,https://www.sec.gov/Archives/edgar/data/1375365/000137536525000027/smci-20250630.htm,,
SNOW,Snowflake Inc.,profile_evidence_unverified,warning,One or more profile quotes failed validation,,,,0001640147-26-000008,https://www.sec.gov/Archives/edgar/data/1640147/000164014726000008/snow-20260131.htm,,
SNOW,Snowflake Inc.,signal_evidence_unverified,error,quote_not_found:active m a in data and ai sectors including crunchy data and tensorstax,partnership_or_mna,Active M&A in data and AI sectors including Crunchy Data and TensorStax,SNOW_000164014726000008_document_item_1a_risk_factors_44,0001640147-26-000008,https://www.sec.gov/Archives/edgar/data/1640147/000164014726000008/snow-20260131.htm,,
SO,Southern Company,signal_evidence_unverified,error,quote_not_found:regulatory lag risk on capacity purchase and construction costs,regulatory_or_geopolitical,Regulatory lag risk on capacity purchase and construction costs,SO_000009212226000006_document_item_1a_risk_factors_57,0000092122-26-000006,https://www.sec.gov/Archives/edgar/data/92122/000009212226000006/so-20251231.htm,,
SO,Southern Company,signal_evidence_unverified,warning,quote_not_found:holding company liquidity dependent on subsidiary cash flows,liquidity_and_balance_sheet,Holding company liquidity dependent on subsidiary cash flows,SO_000009212226000006_document_item_1a_risk_factors_52,0000092122-26-000006,https://www.sec.gov/Archives/edgar/data/92122/000009212226000006/so-20251231.htm,,
SO,Southern Company,signal_evidence_unverified,warning,quote_not_found:afudc increase signals rising capital expenditures,capital_allocation,AFUDC increase signals rising capital expenditures,SO_000009212226000006_document_item_7_mdna_72,0000092122-26-000006,https://www.sec.gov/Archives/edgar/data/92122/000009212226000006/so-20251231.htm,,
SO,Southern Company,signal_evidence_unverified,warning,quote_not_found:renewable revenue exposure to weather and performance,technology_and_product,Renewable revenue exposure to weather and performance,SO_000009212226000006_document_item_7_mdna_87,0000092122-26-000006,https://www.sec.gov/Archives/edgar/data/92122/000009212226000006/so-20251231.htm,,
SO,Southern Company,signal_evidence_unverified,error,quote_not_found:data center and digitization driving projected load growth,demand_and_revenue,Data center and digitization driving projected load growth,SO_000009212226000006_document_item_7_mdna_108,0000092122-26-000006,https://www.sec.gov/Archives/edgar/data/92122/000009212226000006/so-20251231.htm,,
STX,Seagate Technology Holdings plc,profile_evidence_unverified,warning,One or more profile quotes failed validation,,,,0001137789-25-000157,https://www.sec.gov/Archives/edgar/data/1137789/000113778925000157/stx-20250627.htm,,
STX,Seagate Technology Holdings plc,current_fact_contains_risk_language,warning,"At the same time, we have continued to operate in a dynamic macroeconomic environment marked by rapid shifts in trade policies and increasing geopolitical tensions. These factors may impact our business and results of operations.",regulatory_or_geopolitical,Geopolitical tensions and trade policies impact business,STX_000113778925000157_document_item_1_business_0,0001137789-25-000157,https://www.sec.gov/Archives/edgar/data/1137789/000113778925000157/stx-20250627.htm,,
STX,Seagate Technology Holdings plc,signal_evidence_unverified,warning,quote_not_found:maintained 1 3 billion available under revolving credit facility,liquidity_and_balance_sheet,Maintained $1.3 billion available under revolving credit facility,STX_000113778925000157_document_item_1_business_19,0001137789-25-000157,https://www.sec.gov/Archives/edgar/data/1137789/000113778925000157/stx-20250627.htm,,
STX,Seagate Technology Holdings plc,signal_evidence_unverified,warning,quote_not_found:intangible assets from intevac acquisition amortized over three years,technology_and_product,Intangible assets from Intevac acquisition amortized over three years,STX_000113778925000157_document_item_1_business_175,0001137789-25-000157,https://www.sec.gov/Archives/edgar/data/1137789/000113778925000157/stx-20250627.htm,,
TEL,TE Connectivity plc,profile_evidence_unverified,warning,One or more profile quotes failed validation,,,,0001104659-25-109150,https://www.sec.gov/Archives/edgar/data/1385157/000110465925109150/tel-20250926x10k.htm,,
TEL,TE Connectivity plc,high_importance_profile_unverified,error,4,,,,0001104659-25-109150,https://www.sec.gov/Archives/edgar/data/1385157/000110465925109150/tel-20250926x10k.htm,,
TEL,TE Connectivity plc,signal_evidence_unverified,warning,quote_not_found:automation and connected living accounts for 27 of segment sales,demand_and_revenue,Automation and connected living accounts for 27% of segment sales,TEL_000110465925109150_document_item_1_business_7,0001104659-25-109150,https://www.sec.gov/Archives/edgar/data/1385157/000110465925109150/tel-20250926x10k.htm,,
TER,Teradyne Inc.,profile_evidence_unverified,warning,One or more profile quotes failed validation,,,,0001193125-26-059002,https://www.sec.gov/Archives/edgar/data/97210/000119312526059002/ter-20251231.htm,,
TER,Teradyne Inc.,signal_evidence_unverified,error,quote_not_found:high customer concentration with top two specifying customers,customer_concentration,High customer concentration with top two specifying customers,TER_000119312526059002_document_item_1_business_26,0001193125-26-059002,https://www.sec.gov/Archives/edgar/data/97210/000119312526059002/ter-20251231.htm,,
TER,Teradyne Inc.,signal_evidence_unverified,warning,quote_not_found:borrowing to fund manufacturing capacity ramp up,capacity_and_supply,Borrowing to fund manufacturing capacity ramp-up,TER_000119312526059002_document_item_7_mdna_196,0001193125-26-059002,https://www.sec.gov/Archives/edgar/data/97210/000119312526059002/ter-20251231.htm,,
TER,Teradyne Inc.,signal_evidence_unverified,warning,quote_not_found:eagle platform targets sic and gan power devices,technology_and_product,Eagle platform targets SiC and GaN power devices,TER_000119312526059002_document_item_1_business_19,0001193125-26-059002,https://www.sec.gov/Archives/edgar/data/97210/000119312526059002/ter-20251231.htm,,
TER,Teradyne Inc.,signal_evidence_unverified,error,quote_not_found:china retaliatory tariffs pose supply chain risk,regulatory_or_geopolitical,China retaliatory tariffs pose supply chain risk,TER_000119312526059002_document_item_1a_risk_factors_84,0001193125-26-059002,https://www.sec.gov/Archives/edgar/data/97210/000119312526059002/ter-20251231.htm,,
TER,Teradyne Inc.,signal_evidence_unverified,warning,quote_not_found:supply chain resilience investments increase costs,supplier_or_infrastructure_dependency,Supply chain resilience investments increase costs,TER_000119312526059002_document_item_1a_risk_factors_67,0001193125-26-059002,https://www.sec.gov/Archives/edgar/data/97210/000119312526059002/ter-20251231.htm,,
TER,Teradyne Inc.,current_fact_contains_risk_language,warning,"we may in some cases, incur higher costs due to investment in supply chain resiliency and to secure available inventory or have extended or non-cancellable purchase commitments.",supplier_or_infrastructure_dependency,Supply chain resilience investments increase costs,TER_000119312526059002_document_item_1a_risk_factors_67,0001193125-26-059002,https://www.sec.gov/Archives/edgar/data/97210/000119312526059002/ter-20251231.htm,,
TER,Teradyne Inc.,signal_evidence_unverified,warning,quote_not_found:credit facility covenants restrict capital expenditures,liquidity_and_balance_sheet,Credit facility covenants restrict capital expenditures,TER_000119312526059002_document_item_1a_risk_factors_52,0001193125-26-059002,https://www.sec.gov/Archives/edgar/data/97210/000119312526059002/ter-20251231.htm,,
TSM,Taiwan Semiconductor Manufacturing Company Limited,profile_evidence_unverified,warning,One or more profile quotes failed validation,,,,0001628280-26-025362,https://www.sec.gov/Archives/edgar/data/1046179/000162828026025362/tsm-20251231.htm,,
TSM,Taiwan Semiconductor Manufacturing Company Limited,high_importance_profile_unverified,error,5,,,,0001628280-26-025362,https://www.sec.gov/Archives/edgar/data/1046179/000162828026025362/tsm-20251231.htm,,
TSM,Taiwan Semiconductor Manufacturing Company Limited,signal_evidence_unverified,error,quote_not_found:north america revenue share increased to 75 in 2025,demand_and_revenue,North America revenue share increased to 75% in 2025,TSM_000162828026025362_document_item_4_company_information_35,0001628280-26-025362,https://www.sec.gov/Archives/edgar/data/1046179/000162828026025362/tsm-20251231.htm,,
TSM,Taiwan Semiconductor Manufacturing Company Limited,signal_evidence_unverified,warning,quote_not_found:annual capacity exceeded 17 million wafers in 2025,capacity_and_supply,Annual capacity exceeded 17 million wafers in 2025,TSM_000162828026025362_document_item_4_company_information_72,0001628280-26-025362,https://www.sec.gov/Archives/edgar/data/1046179/000162828026025362/tsm-20251231.htm,,
TSM,Taiwan Semiconductor Manufacturing Company Limited,signal_evidence_unverified,error,quote_not_found:operating cash flow reached nt 2 27 trillion in 2025,capital_allocation,Operating cash flow reached NT$2.27 trillion in 2025,TSM_000162828026025362_document_item_4_company_information_88,0001628280-26-025362,https://www.sec.gov/Archives/edgar/data/1046179/000162828026025362/tsm-20251231.htm,,
TSM,Taiwan Semiconductor Manufacturing Company Limited,signal_evidence_unverified,error,unknown_chunk_id:export control compliance risks include production suspension,regulatory_or_geopolitical,Export control compliance risks include production suspension,TSM_000162828026025362_document_item_4_company_information_162828026025362_document_item_4_company_information_16,0001628280-26-025362,https://www.sec.gov/Archives/edgar/data/1046179/000162828026025362/tsm-20251231.htm,,
TSM,Taiwan Semiconductor Manufacturing Company Limited,signal_evidence_unverified,error,quote_not_found:advanced technology revenue share rose to 74 in 2025,technology_and_product,Advanced technology revenue share rose to 74% in 2025,TSM_000162828026025362_document_item_4_company_information_73,0001628280-26-025362,https://www.sec.gov/Archives/edgar/data/1046179/000162828026025362/tsm-20251231.htm,,
TT,Trane Technologies plc,current_fact_contains_risk_language,warning,"In 2025, we spent $347.6 million on research and development, focused on product and system sustainability improvements such as increasing energy efficiency, developing products that allow for use of lower global warming potential refrigera",technology_and_product,R&D focus on sustainability and energy efficiency,TT_000162828026005731_document_item_1_business_8,0001628280-26-005731,https://www.sec.gov/Archives/edgar/data/1466258/000162828026005731/tt-20251231.htm,,
TT,Trane Technologies plc,current_fact_contains_risk_language,warning,"For many components we procure, we have an effective supply chain resiliency plan and capable sources to ensure sufficient supply, however there are certain categories of components that could occasionally see limited availability or shorta",capacity_and_supply,Supply chain resilience plans mitigate commodity risks,TT_000162828026005731_document_item_1_business_7,0001628280-26-005731,https://www.sec.gov/Archives/edgar/data/1466258/000162828026005731/tt-20251231.htm,,
TXN,Texas Instruments Inc.,signal_evidence_unverified,error,quote_not_found:increased shareholder returns via dividends and buybacks,capital_allocation,Increased shareholder returns via dividends and buybacks,TXN_000009747626000059_document_item_7_mdna_10,0000097476-26-000059,https://www.sec.gov/Archives/edgar/data/97476/000009747626000059/txn-20251231.htm,,
TXN,Texas Instruments Inc.,signal_evidence_unverified,error,quote_not_found:chips act incentives provide direct funding and tax credits,regulatory_or_geopolitical,CHIPS Act incentives provide direct funding and tax credits,TXN_000009747626000059_document_item_7_mdna_10,0000097476-26-000059,https://www.sec.gov/Archives/edgar/data/97476/000009747626000059/txn-20251231.htm,,
TXN,Texas Instruments Inc.,signal_evidence_unverified,error,quote_not_found:strong operating cash flow of 7 15 billion,liquidity_and_balance_sheet,Strong operating cash flow of $7.15 billion,TXN_000009747626000059_document_item_7_mdna_9,0000097476-26-000059,https://www.sec.gov/Archives/edgar/data/97476/000009747626000059/txn-20251231.htm,,
TXN,Texas Instruments Inc.,signal_evidence_unverified,error,quote_not_found:300mm transition yields 40 cost advantage,technology_and_product,300mm transition yields 40% cost advantage,TXN_000009747626000059_document_item_1_business_9,0000097476-26-000059,https://www.sec.gov/Archives/edgar/data/97476/000009747626000059/txn-20251231.htm,,
TXN,Texas Instruments Inc.,signal_evidence_unverified,warning,quote_not_found:industrial and automotive markets drive 66 of revenue,demand_and_revenue,Industrial and automotive markets drive 66% of revenue,TXN_000009747626000059_document_item_1_business_6,0000097476-26-000059,https://www.sec.gov/Archives/edgar/data/97476/000009747626000059/txn-20251231.htm,,
UNH,UnitedHealth Group Incorporated,signal_evidence_unverified,error,quote_not_found:restructuring actions reduced 2025 premium revenue by 122 million,pricing_and_margin,Restructuring actions reduced 2025 premium revenue by $122 million,UNH_000073176626000062_document_item_7_mdna_3,0000731766-26-000062,https://www.sec.gov/Archives/edgar/data/731766/000073176626000062/unh-20251231.htm,,
UPS,United Parcel Service Inc.,partial_signal_json_recovery,warning,partial_array_recovery:6,,,,0001628280-26-008432,https://www.sec.gov/Archives/edgar/data/1090727/000162828026008432/ups-20251231.htm,,
VRT,Vertiv Holdings Co.,signal_evidence_unverified,warning,quote_not_found:tariffs and supply chain resilience strategy,regulatory_or_geopolitical,Tariffs and supply chain resilience strategy,VRT_000167410126000008_document_item_7_mdna_85,0001674101-26-000008,https://www.sec.gov/Archives/edgar/data/1674101/000167410126000008/vrt-20251231.htm,,
VST,Vistra Corp.,profile_evidence_unverified,warning,One or more profile quotes failed validation,,,,0001692819-26-000006,https://www.sec.gov/Archives/edgar/data/1692819/000169281926000006/vistra-20251231.htm,,
VST,Vistra Corp.,current_fact_contains_risk_language,warning,"We have nuclear fuel contracted to support all of our refueling needs through 2030. We do not anticipate any significant difficulties in acquiring uranium and contracting for associated conversion, enrichment, and fabrication services in th",capacity_and_supply,Nuclear fuel secured through 2030 with strategic inventory mitigation,VST_000169281926000006_document_item_1_business_3,0001692819-26-000006,https://www.sec.gov/Archives/edgar/data/1692819/000169281926000006/vistra-20251231.htm,,
VST,Vistra Corp.,current_fact_contains_risk_language,warning,"For example, during some periods, transmission access is constrained in some areas of the Dallas-Fort Worth metroplex, where we have a significant number of customers. The cost to provide service to these customers may exceed the cost to pr",supplier_or_infrastructure_dependency,Transmission constraints in DFW metroplex increasing service costs,VST_000169281926000006_document_item_1_business_104,0001692819-26-000006,https://www.sec.gov/Archives/edgar/data/1692819/000169281926000006/vistra-20251231.htm,,
WDC,Western Digital Corporation,signal_evidence_unverified,error,quote_not_found:gross margin expansion driven by cost efficiencies,pricing_and_margin,Gross margin expansion driven by cost efficiencies,WDC_000010604025000038_document_item_7_mdna_11,0000106040-25-000038,https://www.sec.gov/Archives/edgar/data/106040/000010604025000038/wdc-20250627.htm,,
WMT,Walmart Inc.,profile_evidence_unverified,warning,One or more profile quotes failed validation,,,,0000104169-26-000055,https://www.sec.gov/Archives/edgar/data/104169/000010416926000055/wmt-20260131.htm,,
WMT,Walmart Inc.,signal_evidence_unverified,error,quote_not_found:operating cash flow increased 5 1 billion to 41 6 billion,capital_allocation,Operating cash flow increased $5.1 billion to $41.6 billion,WMT_000010416926000055_document_item_7_mdna_25,0000104169-26-000055,https://www.sec.gov/Archives/edgar/data/104169/000010416926000055/wmt-20260131.htm,,
WMT,Walmart Inc.,current_fact_contains_risk_language,warning,"We also have $15.0 billion of various undrawn committed lines of credit in the U.S. as of January 31, 2026 that provide additional liquidity, if needed.",liquidity_and_balance_sheet,Walmart maintains $15 billion in undrawn credit facilities,WMT_000010416926000055_document_item_7_mdna_31,0000104169-26-000055,https://www.sec.gov/Archives/edgar/data/104169/000010416926000055/wmt-20260131.htm,,
WMT,Walmart Inc.,signal_evidence_unverified,warning,quote_not_found:obbb act enacted with 100 bonus depreciation,regulatory_or_geopolitical,OBBB Act enacted with 100% bonus depreciation,WMT_000010416926000055_document_item_7_mdna_6,0000104169-26-000055,https://www.sec.gov/Archives/edgar/data/104169/000010416926000055/wmt-20260131.htm,,
WMT,Walmart Inc.,signal_evidence_unverified,warning,quote_not_found:supplier instability poses risk to supply chain continuity,supplier_or_infrastructure_dependency,Supplier instability poses risk to supply chain continuity,WMT_000010416926000055_document_item_1a_risk_factors_22,0000104169-26-000055,https://www.sec.gov/Archives/edgar/data/104169/000010416926000055/wmt-20260131.htm,,
